spkitemid,WORDS,TYPES,score2,IS_NATIVE,average_score
1151.0,530.0,223.0,5,1,5.0
1186.0,481.0,185.0,4,1,4.5
360.0,201.0,104.0,3,0,3.0
1716.0,309.0,121.0,4,0,3.5
1578.0,296.0,154.0,5,0,4.5
945.0,304.0,92.0,4,0,4.0
1783.0,535.0,203.0,4,0,4.0
1760.0,635.0,222.0,6,1,6.0
813.0,335.0,147.0,4,0,4.0
1725.0,473.0,165.0,4,1,4.5
1706.0,226.0,103.0,3,0,3.0
303.0,512.0,199.0,5,1,5.0
138.0,443.0,189.0,6,0,5.0
833.0,572.0,189.0,4,1,4.5
1066.0,505.0,236.0,4,1,4.5
275.0,442.0,175.0,5,1,5.5
1529.0,361.0,169.0,4,0,4.0
525.0,398.0,162.0,4,1,4.5
1614.0,414.0,159.0,4,1,4.5
361.0,592.0,208.0,5,1,5.0
383.0,544.0,201.0,5,1,5.5
705.0,502.0,167.0,4,0,4.0
948.0,481.0,188.0,5,0,4.5
785.0,489.0,138.0,4,0,4.0
512.0,311.0,124.0,4,0,4.0
191.0,272.0,116.0,4,0,4.0
718.0,529.0,214.0,5,1,5.0
112.0,452.0,202.0,4,1,4.5
102.0,361.0,127.0,4,0,4.0
165.0,428.0,192.0,5,0,4.5
1111.0,602.0,217.0,5,1,5.5
788.0,388.0,148.0,4,0,4.0
1661.0,498.0,195.0,5,1,5.0
812.0,273.0,129.0,4,0,4.0
1684.0,352.0,153.0,4,0,4.0
429.0,438.0,174.0,4,1,4.5
93.0,591.0,256.0,6,1,5.5
1310.0,313.0,144.0,3,0,3.5
1384.0,438.0,189.0,5,1,5.0
766.0,276.0,123.0,4,0,4.0
668.0,456.0,187.0,5,1,5.0
627.0,279.0,94.0,4,0,4.0
398.0,468.0,224.0,5,1,5.0
680.0,541.0,180.0,4,1,4.5
928.0,395.0,171.0,5,1,5.0
365.0,498.0,214.0,5,0,4.5
395.0,186.0,104.0,3,0,3.0
524.0,442.0,148.0,4,0,4.0
1038.0,607.0,228.0,5,1,5.5
1375.0,518.0,185.0,5,1,5.0
1007.0,419.0,184.0,5,1,5.0
849.0,217.0,111.0,4,0,3.5
228.0,333.0,120.0,4,0,4.0
194.0,592.0,233.0,5,1,5.0
301.0,409.0,166.0,4,1,4.5
1686.0,128.0,68.0,3,0,2.5
350.0,447.0,137.0,4,0,4.0
471.0,291.0,117.0,4,0,4.0
207.0,318.0,135.0,4,0,4.0
851.0,505.0,212.0,4,1,4.5
749.0,541.0,201.0,5,1,5.0
1506.0,289.0,149.0,4,0,4.0
1781.0,514.0,187.0,5,1,5.0
1402.0,288.0,132.0,5,0,4.5
1239.0,589.0,215.0,5,1,5.5
1411.0,576.0,224.0,6,1,5.5
1287.0,405.0,184.0,5,1,5.0
809.0,400.0,189.0,5,0,4.5
547.0,415.0,130.0,4,0,4.0
1366.0,386.0,143.0,4,0,4.0
239.0,479.0,140.0,4,1,4.5
209.0,173.0,92.0,3,0,3.0
1084.0,387.0,166.0,5,0,4.5
866.0,263.0,118.0,4,0,3.5
1395.0,422.0,177.0,4,1,4.5
666.0,448.0,169.0,4,0,4.0
73.0,431.0,162.0,4,0,4.0
717.0,301.0,123.0,4,0,4.0
1047.0,519.0,221.0,6,1,5.5
599.0,447.0,206.0,4,0,4.0
1221.0,539.0,218.0,6,0,5.0
1035.0,247.0,134.0,4,0,4.0
1187.0,395.0,161.0,5,1,5.0
574.0,298.0,117.0,4,0,4.0
491.0,384.0,141.0,4,0,4.0
1295.0,87.0,55.0,2,0,2.0
1612.0,285.0,131.0,4,0,4.0
77.0,603.0,207.0,5,1,5.0
110.0,263.0,117.0,3,0,3.0
9.0,505.0,205.0,5,0,4.5
1361.0,531.0,231.0,5,1,5.0
181.0,509.0,203.0,5,1,5.0
669.0,508.0,151.0,4,0,4.0
1534.0,478.0,166.0,5,0,4.5
1148.0,443.0,167.0,4,1,4.5
1296.0,485.0,223.0,4,1,4.5
265.0,464.0,207.0,6,1,5.5
1541.0,328.0,127.0,4,0,4.0
628.0,322.0,142.0,5,1,5.5
1773.0,365.0,164.0,4,0,4.0
430.0,641.0,216.0,4,0,4.0
18.0,416.0,164.0,4,0,4.0
1209.0,358.0,157.0,4,0,4.0
976.0,360.0,146.0,4,0,4.0
188.0,438.0,170.0,4,1,4.5
925.0,268.0,124.0,3,0,3.5
566.0,287.0,123.0,4,0,4.0
1262.0,442.0,146.0,4,0,4.0
306.0,502.0,191.0,4,0,4.0
638.0,332.0,161.0,4,0,4.0
1037.0,255.0,105.0,4,0,4.0
753.0,305.0,112.0,4,0,4.0
1635.0,313.0,175.0,5,1,5.0
920.0,485.0,167.0,4,0,4.0
1228.0,270.0,102.0,4,0,4.0
1512.0,327.0,149.0,4,0,4.0
1264.0,410.0,184.0,5,0,4.5
150.0,341.0,133.0,4,0,4.0
1027.0,406.0,143.0,4,0,4.0
1693.0,526.0,182.0,5,1,5.0
1057.0,575.0,182.0,5,1,5.0
155.0,488.0,186.0,5,1,5.0
34.0,411.0,160.0,4,0,4.0
326.0,732.0,277.0,6,0,5.0
773.0,463.0,196.0,4,0,4.0
1231.0,185.0,83.0,3,0,3.0
1304.0,541.0,275.0,6,1,5.5
152.0,188.0,72.0,3,0,3.0
526.0,313.0,126.0,4,0,3.5
1183.0,285.0,96.0,4,0,4.0
23.0,571.0,200.0,5,1,5.0
163.0,257.0,139.0,4,0,4.0
738.0,273.0,129.0,3,0,3.0
1374.0,427.0,130.0,5,1,5.0
1762.0,365.0,148.0,4,0,4.0
316.0,614.0,222.0,5,0,4.5
877.0,538.0,228.0,5,1,5.5
662.0,221.0,114.0,3,0,3.0
1378.0,613.0,154.0,4,1,4.5
688.0,329.0,153.0,5,0,4.5
1552.0,292.0,107.0,3,0,3.0
946.0,480.0,166.0,4,0,4.0
1058.0,395.0,138.0,4,0,4.0
843.0,344.0,140.0,4,0,4.0
137.0,260.0,118.0,4,0,3.5
873.0,366.0,149.0,4,1,4.5
1269.0,458.0,208.0,6,1,5.5
1082.0,373.0,122.0,5,0,4.5
1640.0,330.0,144.0,4,0,4.0
815.0,457.0,212.0,5,1,5.0
285.0,608.0,267.0,5,1,5.5
179.0,311.0,132.0,4,0,4.0
340.0,399.0,174.0,5,0,4.5
330.0,708.0,226.0,5,1,5.5
172.0,263.0,121.0,4,0,4.0
1558.0,417.0,173.0,4,0,4.0
1407.0,358.0,143.0,5,1,5.0
375.0,164.0,63.0,2,0,2.0
708.0,407.0,174.0,5,0,4.5
1471.0,371.0,161.0,4,0,4.0
492.0,340.0,146.0,4,0,3.5
1504.0,354.0,160.0,4,0,4.0
818.0,266.0,104.0,4,0,4.0
1660.0,404.0,157.0,4,0,4.0
840.0,385.0,140.0,4,0,4.0
406.0,449.0,176.0,4,0,4.0
416.0,189.0,93.0,3,0,3.0
1664.0,441.0,182.0,4,0,4.0
208.0,168.0,72.0,3,0,3.0
417.0,275.0,124.0,4,0,4.0
918.0,743.0,266.0,5,1,5.0
261.0,501.0,170.0,5,0,4.5
1097.0,435.0,177.0,5,1,5.0
709.0,596.0,194.0,5,1,5.0
1662.0,408.0,178.0,4,0,4.0
640.0,339.0,144.0,3,0,3.5
869.0,154.0,65.0,3,0,3.0
1252.0,470.0,218.0,6,1,5.5
1685.0,410.0,167.0,4,0,4.0
1611.0,438.0,175.0,4,0,4.0
842.0,440.0,175.0,4,0,4.0
151.0,258.0,129.0,4,0,4.0
397.0,621.0,269.0,5,1,5.0
435.0,676.0,273.0,5,1,5.5
898.0,394.0,135.0,4,0,4.0
202.0,412.0,169.0,4,0,4.0
154.0,498.0,191.0,6,1,6.0
42.0,300.0,127.0,4,0,4.0
1087.0,590.0,237.0,5,1,5.5
787.0,407.0,164.0,4,0,4.0
1060.0,305.0,123.0,4,0,4.0
1605.0,270.0,106.0,4,0,4.0
555.0,598.0,250.0,6,1,5.5
1626.0,472.0,193.0,4,0,4.0
468.0,208.0,105.0,4,0,4.0
132.0,482.0,201.0,5,1,5.5
1054.0,306.0,145.0,4,0,4.0
1467.0,471.0,208.0,5,1,5.0
1242.0,286.0,139.0,4,0,4.0
571.0,415.0,169.0,5,0,4.5
295.0,392.0,160.0,5,1,5.0
220.0,496.0,222.0,5,1,5.0
711.0,503.0,220.0,5,1,5.0
1456.0,714.0,228.0,5,1,5.0
101.0,533.0,209.0,5,1,5.0
1437.0,279.0,119.0,4,0,4.0
1006.0,490.0,192.0,4,0,4.0
1406.0,427.0,184.0,5,0,4.5
200.0,397.0,141.0,4,0,4.0
941.0,507.0,195.0,6,1,6.0
683.0,595.0,208.0,5,1,5.0
431.0,537.0,211.0,6,1,5.5
394.0,181.0,75.0,3,0,3.5
1330.0,477.0,184.0,4,0,4.0
1223.0,469.0,168.0,4,1,4.5
230.0,504.0,183.0,4,1,4.5
1178.0,456.0,182.0,5,0,4.5
1339.0,369.0,119.0,4,0,4.0
4.0,569.0,225.0,5,1,5.0
31.0,549.0,213.0,6,0,5.0
539.0,403.0,141.0,4,1,4.5
299.0,371.0,118.0,4,0,4.0
284.0,330.0,135.0,4,0,4.0
650.0,509.0,213.0,5,1,5.0
1094.0,310.0,152.0,4,0,4.0
1283.0,400.0,177.0,5,1,5.0
984.0,355.0,141.0,4,0,4.0
932.0,689.0,258.0,6,1,6.0
1200.0,553.0,231.0,4,1,4.5
149.0,467.0,141.0,4,0,4.0
511.0,287.0,116.0,4,0,4.0
57.0,327.0,143.0,4,1,4.5
1484.0,421.0,193.0,4,1,4.5
514.0,251.0,119.0,4,0,4.0
990.0,373.0,145.0,4,0,4.0
880.0,440.0,170.0,5,1,5.0
985.0,474.0,161.0,5,0,4.5
906.0,535.0,206.0,5,1,5.5
210.0,420.0,186.0,5,0,4.5
1409.0,375.0,161.0,5,0,4.5
189.0,149.0,74.0,3,0,3.0
1503.0,436.0,158.0,5,0,4.5
1251.0,495.0,152.0,4,0,4.0
1181.0,385.0,154.0,5,1,5.0
1145.0,399.0,171.0,5,0,4.5
105.0,600.0,196.0,5,0,4.5
554.0,438.0,169.0,4,0,4.0
860.0,343.0,118.0,4,0,4.0
1530.0,380.0,142.0,4,0,4.0
1594.0,371.0,167.0,4,0,4.0
116.0,60.0,45.0,2,0,2.0
719.0,287.0,119.0,4,0,3.5
661.0,296.0,144.0,4,0,4.0
591.0,410.0,168.0,4,0,4.0
1616.0,481.0,220.0,5,0,4.5
676.0,256.0,119.0,4,0,4.0
1080.0,383.0,118.0,4,0,4.0
852.0,526.0,188.0,5,1,5.0
1068.0,565.0,208.0,4,1,4.5
1281.0,286.0,122.0,4,0,4.0
1371.0,590.0,231.0,6,1,6.0
1417.0,490.0,215.0,5,1,5.0
695.0,411.0,145.0,4,1,4.5
488.0,372.0,150.0,4,0,4.0
1240.0,502.0,202.0,5,1,5.0
1075.0,368.0,163.0,4,0,4.0
1644.0,378.0,154.0,4,0,4.0
1695.0,495.0,170.0,5,0,4.5
364.0,679.0,235.0,5,1,5.5
1597.0,653.0,242.0,5,1,5.5
979.0,560.0,206.0,5,1,5.0
651.0,378.0,153.0,4,0,4.0
1557.0,454.0,165.0,4,0,4.0
1687.0,751.0,238.0,5,1,5.0
934.0,393.0,159.0,4,0,4.0
74.0,359.0,131.0,3,0,3.5
799.0,308.0,95.0,4,0,4.0
587.0,449.0,176.0,4,1,4.5
513.0,439.0,174.0,4,0,4.0
1495.0,334.0,126.0,4,0,4.0
1702.0,233.0,107.0,4,0,4.0
21.0,401.0,179.0,4,0,4.0
868.0,535.0,190.0,6,1,6.0
263.0,573.0,229.0,5,1,5.0
1362.0,460.0,194.0,4,1,4.5
760.0,396.0,159.0,5,0,4.5
1545.0,271.0,138.0,4,0,4.0
148.0,330.0,139.0,4,1,4.5
756.0,333.0,152.0,4,0,4.0
1472.0,291.0,125.0,4,0,4.0
977.0,287.0,107.0,4,0,3.5
1573.0,587.0,128.0,5,1,5.0
283.0,238.0,119.0,3,0,3.0
1098.0,425.0,167.0,5,0,4.5
71.0,474.0,174.0,5,1,5.0
609.0,282.0,127.0,3,0,3.5
459.0,323.0,148.0,4,0,4.0
1733.0,262.0,109.0,4,0,4.0
1486.0,363.0,138.0,4,0,4.0
470.0,387.0,153.0,4,0,4.0
1320.0,674.0,241.0,6,1,5.5
1245.0,407.0,156.0,5,1,5.0
1479.0,299.0,102.0,4,0,3.5
1532.0,277.0,141.0,3,0,3.0
1050.0,608.0,265.0,5,1,5.5
724.0,271.0,121.0,4,0,4.0
994.0,458.0,175.0,5,0,4.5
288.0,382.0,147.0,4,0,4.0
701.0,383.0,163.0,4,0,4.0
490.0,597.0,219.0,4,0,4.0
768.0,470.0,141.0,4,0,4.0
1270.0,302.0,130.0,6,0,5.0
1628.0,536.0,189.0,5,1,5.0
1523.0,269.0,114.0,4,0,4.0
3.0,306.0,141.0,3,0,3.5
1025.0,375.0,166.0,4,0,4.0
570.0,542.0,182.0,4,0,4.0
458.0,319.0,140.0,5,0,4.5
714.0,449.0,189.0,5,0,4.5
723.0,601.0,213.0,5,1,5.0
1081.0,225.0,109.0,3,0,3.5
1476.0,383.0,151.0,4,1,4.5
1273.0,493.0,225.0,5,1,5.0
1430.0,275.0,115.0,4,0,4.0
890.0,400.0,145.0,4,0,4.0
988.0,344.0,130.0,4,0,4.0
1163.0,610.0,218.0,5,1,5.0
795.0,426.0,166.0,4,0,4.0
641.0,262.0,106.0,3,0,3.5
1576.0,322.0,124.0,4,0,4.0
1497.0,416.0,171.0,5,0,4.5
1581.0,669.0,245.0,6,1,5.5
1657.0,320.0,159.0,4,0,4.0
793.0,547.0,213.0,6,1,5.5
1643.0,530.0,234.0,5,1,5.5
312.0,259.0,99.0,4,0,3.5
58.0,225.0,107.0,3,0,3.5
269.0,444.0,190.0,4,1,4.5
957.0,445.0,177.0,5,0,4.5
48.0,616.0,205.0,5,1,5.5
874.0,595.0,231.0,6,1,6.0
1774.0,458.0,172.0,4,1,5.0
267.0,504.0,220.0,5,1,5.0
1010.0,281.0,108.0,4,0,4.0
1736.0,817.0,274.0,5,1,5.5
1.0,393.0,159.0,4,0,4.0
1752.0,535.0,231.0,5,0,4.5
1745.0,463.0,196.0,5,1,5.0
251.0,619.0,224.0,4,1,4.5
914.0,425.0,148.0,4,1,4.5
1173.0,375.0,156.0,4,0,4.0
1172.0,291.0,117.0,4,0,3.5
1435.0,472.0,182.0,5,1,5.0
658.0,379.0,146.0,4,0,4.0
605.0,212.0,102.0,3,0,3.0
377.0,512.0,219.0,5,1,5.0
1079.0,317.0,136.0,4,0,4.0
845.0,445.0,180.0,5,1,5.0
1491.0,685.0,259.0,6,1,5.5
823.0,366.0,144.0,4,0,4.0
1217.0,106.0,59.0,2,0,2.0
319.0,427.0,175.0,5,0,4.5
713.0,372.0,151.0,5,1,5.0
601.0,248.0,121.0,4,0,4.0
1579.0,277.0,88.0,4,0,4.0
421.0,236.0,103.0,3,0,3.0
282.0,348.0,142.0,4,0,4.0
568.0,463.0,183.0,4,0,4.0
439.0,466.0,173.0,5,1,5.0
543.0,347.0,136.0,4,0,4.0
1636.0,535.0,208.0,5,1,5.0
465.0,361.0,163.0,4,0,4.0
1302.0,423.0,155.0,5,1,5.0
692.0,188.0,73.0,3,0,3.0
1742.0,245.0,129.0,3,0,3.0
1370.0,430.0,147.0,5,0,4.5
1772.0,579.0,224.0,5,1,5.0
333.0,449.0,157.0,4,1,4.5
1225.0,407.0,148.0,4,0,4.0
1675.0,637.0,197.0,6,1,5.5
1769.0,325.0,142.0,5,0,4.5
1095.0,299.0,151.0,4,0,4.0
678.0,589.0,174.0,4,0,4.0
1139.0,507.0,213.0,5,1,5.0
1743.0,482.0,167.0,5,0,4.5
26.0,408.0,157.0,4,1,4.5
88.0,472.0,174.0,5,0,4.5
825.0,247.0,86.0,3,0,3.0
959.0,450.0,191.0,4,1,4.5
1352.0,375.0,141.0,4,0,4.0
1022.0,695.0,261.0,5,1,5.5
1282.0,547.0,225.0,5,1,5.0
426.0,489.0,186.0,4,1,4.5
1708.0,218.0,105.0,3,0,3.5
128.0,451.0,198.0,4,1,4.5
739.0,380.0,159.0,4,1,4.5
1329.0,309.0,130.0,3,0,3.5
456.0,374.0,137.0,4,0,3.5
25.0,320.0,124.0,4,0,4.0
222.0,495.0,190.0,4,1,4.5
1670.0,429.0,163.0,4,1,4.5
1748.0,355.0,158.0,5,0,4.5
199.0,836.0,280.0,6,1,5.5
83.0,220.0,111.0,4,0,3.5
489.0,580.0,241.0,5,0,4.5
1191.0,476.0,159.0,4,0,4.0
675.0,442.0,171.0,4,0,4.0
1372.0,381.0,139.0,4,0,4.0
741.0,340.0,161.0,4,0,4.0
731.0,536.0,210.0,4,0,4.0
16.0,592.0,237.0,6,1,6.0
221.0,231.0,112.0,3,0,3.0
1518.0,478.0,183.0,5,1,5.0
1308.0,418.0,137.0,4,1,4.5
386.0,483.0,170.0,5,1,5.0
1440.0,605.0,193.0,5,1,5.0
1140.0,383.0,152.0,5,0,4.5
486.0,571.0,188.0,5,0,4.5
592.0,274.0,128.0,4,0,4.0
1142.0,419.0,169.0,4,0,4.0
1011.0,464.0,190.0,4,0,4.0
1129.0,351.0,148.0,4,0,4.0
1319.0,471.0,146.0,4,1,4.5
1700.0,484.0,189.0,5,0,4.5
373.0,315.0,138.0,4,0,4.0
1071.0,278.0,128.0,4,0,4.0
1688.0,479.0,182.0,4,0,4.0
1381.0,280.0,126.0,4,0,4.0
278.0,335.0,157.0,4,0,4.0
266.0,471.0,166.0,5,1,5.5
807.0,507.0,189.0,5,1,5.5
1083.0,290.0,132.0,4,0,3.5
544.0,375.0,167.0,4,0,4.0
611.0,429.0,138.0,5,0,4.5
337.0,323.0,167.0,5,1,5.0
908.0,555.0,210.0,5,1,5.0
100.0,256.0,110.0,4,0,3.5
819.0,319.0,115.0,4,0,4.0
671.0,282.0,123.0,4,0,4.0
1580.0,293.0,116.0,4,0,4.0
1601.0,343.0,167.0,4,0,4.0
1109.0,300.0,148.0,4,0,4.0
1653.0,300.0,135.0,4,0,4.0
1168.0,406.0,142.0,4,0,4.0
1291.0,348.0,151.0,4,0,4.0
801.0,547.0,213.0,5,0,4.5
532.0,425.0,179.0,4,0,4.0
736.0,442.0,193.0,5,1,5.0
814.0,410.0,159.0,4,0,4.0
1426.0,387.0,185.0,5,1,5.0
1399.0,496.0,165.0,4,0,4.0
1196.0,331.0,141.0,4,0,4.0
1555.0,52.0,38.0,1,0,1.0
770.0,362.0,156.0,4,0,4.0
65.0,465.0,169.0,4,1,4.5
516.0,512.0,202.0,4,0,4.0
224.0,369.0,145.0,4,0,4.0
589.0,108.0,69.0,3,0,2.5
1254.0,413.0,170.0,4,0,4.0
1450.0,423.0,191.0,5,1,5.0
244.0,371.0,151.0,3,0,3.5
1307.0,402.0,167.0,5,0,4.5
529.0,248.0,118.0,4,0,3.5
1250.0,865.0,333.0,6,1,6.0
1669.0,661.0,269.0,5,1,5.0
1648.0,488.0,210.0,5,1,5.5
602.0,264.0,114.0,4,0,4.0
1650.0,396.0,150.0,4,0,4.0
999.0,665.0,260.0,6,1,6.0
99.0,392.0,176.0,4,0,4.0
625.0,492.0,199.0,6,1,5.5
1567.0,430.0,212.0,5,1,5.5
1211.0,446.0,173.0,5,0,4.5
372.0,517.0,172.0,5,1,5.0
168.0,482.0,185.0,4,1,4.5
1001.0,362.0,149.0,4,0,4.0
759.0,409.0,171.0,4,1,5.0
531.0,450.0,176.0,6,0,5.0
1184.0,400.0,157.0,5,1,5.0
1260.0,336.0,128.0,4,0,4.0
1055.0,404.0,178.0,4,0,4.0
309.0,420.0,191.0,5,0,4.5
822.0,364.0,168.0,4,0,4.0
1224.0,505.0,196.0,5,0,4.5
1609.0,456.0,215.0,5,0,4.5
607.0,490.0,183.0,5,0,4.5
53.0,482.0,176.0,4,0,4.0
378.0,530.0,205.0,5,1,5.5
1298.0,281.0,136.0,4,0,3.5
1598.0,620.0,198.0,5,1,5.0
30.0,283.0,118.0,4,0,4.0
1341.0,602.0,197.0,5,1,5.0
863.0,702.0,295.0,6,0,5.0
1404.0,569.0,213.0,5,1,5.0
1782.0,374.0,163.0,4,0,4.0
1031.0,508.0,178.0,4,1,4.5
846.0,343.0,132.0,4,0,4.0
584.0,570.0,196.0,5,0,4.5
145.0,409.0,182.0,5,1,5.0
1735.0,285.0,133.0,3,0,3.5
1647.0,208.0,121.0,3,0,3.0
982.0,348.0,137.0,4,0,4.0
855.0,293.0,138.0,4,0,4.0
935.0,542.0,225.0,5,0,4.5
670.0,415.0,163.0,4,0,4.0
796.0,355.0,163.0,4,0,4.0
969.0,306.0,131.0,4,0,4.0
466.0,362.0,161.0,5,0,4.5
393.0,350.0,142.0,4,0,4.0
1102.0,326.0,144.0,4,0,4.0
1749.0,128.0,73.0,3,0,3.0
216.0,432.0,182.0,4,0,4.0
1020.0,275.0,132.0,4,0,4.0
872.0,290.0,149.0,4,0,4.0
1166.0,443.0,176.0,5,0,4.5
573.0,649.0,237.0,5,1,5.0
1433.0,478.0,120.0,4,0,4.0
1326.0,470.0,145.0,4,0,4.0
1107.0,79.0,41.0,2,0,2.0
1249.0,739.0,253.0,5,1,5.0
1120.0,452.0,173.0,4,0,4.0
1560.0,510.0,178.0,4,1,4.5
857.0,195.0,99.0,4,0,4.0
240.0,291.0,139.0,4,0,4.0
98.0,473.0,204.0,6,1,5.5
1718.0,362.0,160.0,4,1,4.5
1190.0,521.0,185.0,5,0,4.5
1297.0,308.0,135.0,4,0,4.0
1222.0,208.0,92.0,3,0,3.0
139.0,200.0,91.0,4,0,3.5
1739.0,549.0,236.0,6,0,5.0
402.0,316.0,136.0,4,0,4.0
119.0,577.0,233.0,5,1,5.0
583.0,550.0,189.0,5,0,4.5
620.0,221.0,86.0,4,0,3.5
1348.0,218.0,96.0,4,0,3.5
1607.0,472.0,172.0,4,1,4.5
712.0,416.0,138.0,5,0,4.5
1070.0,276.0,112.0,3,0,3.5
176.0,426.0,192.0,5,1,5.0
1013.0,359.0,116.0,4,0,3.5
124.0,285.0,103.0,3,0,3.5
1132.0,364.0,140.0,4,0,4.0
178.0,303.0,135.0,4,0,4.0
1498.0,454.0,215.0,4,0,4.0
1624.0,429.0,166.0,4,0,4.0
951.0,511.0,163.0,4,0,3.5
1550.0,396.0,155.0,4,0,4.0
991.0,174.0,84.0,3,0,3.0
615.0,472.0,175.0,5,0,4.5
68.0,454.0,192.0,4,1,4.5
1422.0,649.0,232.0,5,0,4.0
1596.0,423.0,167.0,5,0,4.5
56.0,502.0,235.0,5,1,5.0
850.0,458.0,191.0,5,1,5.0
689.0,441.0,168.0,4,0,4.0
144.0,481.0,167.0,5,0,4.5
1734.0,504.0,196.0,4,1,4.5
1122.0,506.0,225.0,5,1,5.0
1112.0,319.0,118.0,4,0,4.0
624.0,323.0,143.0,4,0,4.0
1392.0,411.0,138.0,3,0,2.5
1551.0,662.0,248.0,5,0,4.5
606.0,512.0,192.0,4,0,4.0
1599.0,392.0,161.0,5,0,4.5
938.0,550.0,242.0,5,1,5.5
201.0,439.0,198.0,5,0,4.5
20.0,173.0,91.0,3,0,3.0
1633.0,254.0,127.0,4,0,4.0
1033.0,524.0,234.0,5,1,5.0
450.0,310.0,118.0,3,0,3.5
1741.0,366.0,142.0,4,0,4.0
1499.0,463.0,210.0,5,1,5.0
1299.0,574.0,244.0,6,1,5.5
1002.0,379.0,150.0,4,0,4.0
51.0,594.0,195.0,4,1,4.5
474.0,141.0,63.0,3,0,3.0
66.0,414.0,184.0,4,1,4.5
62.0,309.0,120.0,4,0,4.0
129.0,464.0,163.0,5,1,5.0
11.0,364.0,192.0,4,0,4.0
1707.0,273.0,121.0,3,0,3.5
922.0,378.0,164.0,4,0,4.0
341.0,304.0,134.0,4,0,4.0
1044.0,296.0,126.0,4,0,3.5
1101.0,207.0,107.0,4,0,4.0
403.0,521.0,164.0,4,0,4.0
1547.0,238.0,109.0,4,0,3.5
387.0,352.0,170.0,4,0,4.0
667.0,402.0,155.0,5,0,4.5
414.0,376.0,136.0,4,0,4.0
254.0,633.0,242.0,5,1,5.0
69.0,277.0,125.0,4,0,3.5
1158.0,627.0,212.0,5,0,4.5
931.0,315.0,135.0,4,0,4.0
596.0,182.0,92.0,3,0,3.0
193.0,434.0,175.0,4,0,4.0
1115.0,399.0,170.0,5,0,4.5
881.0,303.0,112.0,4,0,4.0
451.0,426.0,145.0,4,0,4.0
1315.0,653.0,228.0,5,0,4.5
1572.0,414.0,176.0,4,0,4.0
1405.0,434.0,136.0,4,1,4.5
425.0,535.0,171.0,5,1,5.0
548.0,436.0,187.0,4,0,4.0
449.0,24.0,20.0,1,0,1.0
391.0,596.0,217.0,6,1,6.0
1692.0,432.0,156.0,4,1,4.5
904.0,374.0,172.0,4,0,4.0
304.0,566.0,185.0,5,0,4.5
677.0,300.0,134.0,4,0,4.0
1356.0,311.0,154.0,4,0,4.0
1592.0,37.0,23.0,1,0,1.0
1005.0,294.0,104.0,5,0,4.5
423.0,545.0,182.0,5,0,4.5
1203.0,442.0,166.0,4,0,4.0
1645.0,597.0,203.0,5,1,5.5
1157.0,267.0,121.0,3,0,3.0
1683.0,265.0,144.0,4,0,3.5
1106.0,518.0,217.0,4,1,4.5
552.0,229.0,68.0,3,0,3.0
841.0,200.0,85.0,4,0,3.5
600.0,218.0,85.0,3,0,3.0
593.0,422.0,175.0,5,1,5.0
1585.0,606.0,213.0,5,0,4.5
305.0,549.0,164.0,5,1,5.0
1744.0,584.0,239.0,6,1,5.5
832.0,22.0,18.0,1,0,1.0
1750.0,345.0,139.0,4,0,4.0
1535.0,260.0,101.0,3,0,3.0
789.0,244.0,125.0,4,0,3.5
422.0,348.0,147.0,3,0,3.5
1114.0,483.0,169.0,5,1,5.0
502.0,138.0,59.0,3,0,3.5
366.0,414.0,167.0,4,0,4.0
637.0,404.0,146.0,4,0,4.0
91.0,252.0,106.0,4,0,4.0
1236.0,382.0,155.0,5,1,5.0
1363.0,454.0,193.0,4,0,4.0
1201.0,515.0,207.0,6,1,6.0
496.0,365.0,144.0,5,0,4.5
174.0,376.0,188.0,4,0,4.0
180.0,494.0,169.0,5,1,5.0
778.0,478.0,200.0,4,1,4.5
1334.0,248.0,109.0,4,0,4.0
1582.0,493.0,196.0,5,1,5.0
1442.0,205.0,85.0,3,0,3.0
697.0,389.0,139.0,4,0,4.0
41.0,44.0,30.0,1,0,1.0
115.0,566.0,181.0,4,1,4.5
998.0,527.0,186.0,4,1,4.5
802.0,355.0,150.0,4,0,4.0
1470.0,450.0,181.0,5,1,5.0
721.0,424.0,194.0,4,1,4.5
993.0,324.0,121.0,5,0,4.5
1629.0,554.0,195.0,4,1,5.0
1604.0,290.0,136.0,4,0,4.0
966.0,246.0,130.0,4,0,3.5
1220.0,501.0,218.0,5,1,5.0
1349.0,513.0,225.0,5,1,5.5
790.0,460.0,169.0,4,1,4.5
1155.0,383.0,140.0,4,0,4.0
656.0,456.0,148.0,5,0,4.5
561.0,363.0,143.0,4,0,4.0
1156.0,639.0,243.0,5,1,5.0
655.0,238.0,121.0,4,0,3.5
1593.0,474.0,185.0,5,1,5.0
1241.0,381.0,160.0,5,0,4.5
7.0,574.0,213.0,5,1,5.0
310.0,397.0,153.0,5,1,5.0
1401.0,575.0,208.0,5,1,5.0
33.0,186.0,94.0,3,0,3.0
980.0,548.0,208.0,5,1,5.0
553.0,443.0,157.0,4,0,4.0
983.0,653.0,185.0,4,0,4.0
1622.0,783.0,270.0,5,1,5.0
1003.0,404.0,140.0,4,1,4.5
8.0,545.0,195.0,5,1,5.0
1704.0,393.0,149.0,4,0,4.0
1023.0,303.0,126.0,4,0,4.0
1259.0,438.0,187.0,5,1,5.0
1394.0,273.0,132.0,3,0,3.0
685.0,353.0,161.0,4,0,4.0
153.0,549.0,161.0,4,1,4.5
1396.0,293.0,131.0,5,0,4.5
1698.0,494.0,177.0,4,0,4.0
621.0,196.0,90.0,4,0,4.0
1306.0,427.0,158.0,4,0,4.0
1367.0,105.0,67.0,3,0,3.0
964.0,566.0,224.0,6,1,5.5
933.0,270.0,113.0,4,0,4.0
1631.0,367.0,165.0,4,0,4.0
235.0,327.0,134.0,4,0,3.5
1385.0,527.0,203.0,5,0,4.5
1731.0,372.0,148.0,4,1,4.5
1556.0,366.0,136.0,4,0,4.0
699.0,876.0,309.0,6,1,6.0
1714.0,293.0,95.0,3,0,3.0
644.0,355.0,162.0,4,0,4.0
1408.0,375.0,138.0,4,0,4.0
665.0,261.0,111.0,4,0,3.5
1164.0,426.0,179.0,5,0,4.5
363.0,283.0,154.0,4,0,4.0
410.0,360.0,166.0,4,0,4.0
913.0,642.0,261.0,5,1,5.0
971.0,367.0,160.0,5,0,4.5
844.0,344.0,119.0,4,0,4.0
332.0,319.0,159.0,4,0,4.0
185.0,504.0,167.0,4,0,4.0
59.0,475.0,185.0,4,0,4.0
1709.0,422.0,169.0,4,0,4.0
653.0,333.0,130.0,4,0,4.0
614.0,308.0,125.0,3,0,3.0
743.0,510.0,221.0,5,1,5.0
259.0,495.0,209.0,5,0,4.5
186.0,366.0,128.0,4,0,4.0
217.0,615.0,214.0,5,1,5.0
710.0,451.0,178.0,5,1,5.5
90.0,259.0,104.0,4,0,3.5
1507.0,251.0,103.0,5,0,4.5
944.0,282.0,124.0,4,0,4.0
134.0,441.0,164.0,5,1,5.0
754.0,412.0,185.0,4,1,4.5
1383.0,480.0,176.0,5,0,4.5
1765.0,109.0,57.0,3,0,2.5
1658.0,430.0,172.0,5,0,4.5
936.0,239.0,130.0,4,0,3.5
558.0,562.0,222.0,5,1,5.0
371.0,376.0,142.0,4,0,4.0
504.0,587.0,205.0,5,1,5.0
135.0,286.0,133.0,4,0,3.5
308.0,133.0,62.0,3,0,3.0
60.0,79.0,46.0,2,0,2.0
1313.0,324.0,123.0,4,0,4.0
560.0,410.0,175.0,4,0,4.0
1785.0,314.0,97.0,4,0,4.0
974.0,60.0,37.0,1,0,1.0
1360.0,413.0,171.0,4,0,4.0
1588.0,574.0,193.0,5,1,5.0
958.0,298.0,115.0,4,0,4.0
479.0,545.0,211.0,5,1,5.0
1478.0,391.0,178.0,4,1,4.5
1482.0,238.0,123.0,3,0,3.5
1564.0,318.0,156.0,4,0,4.0
1787.0,234.0,119.0,3,0,3.5
1413.0,436.0,178.0,4,1,4.5
92.0,757.0,233.0,6,1,5.5
771.0,479.0,188.0,4,1,4.5
346.0,779.0,255.0,6,1,6.0
1568.0,250.0,135.0,3,0,3.5
780.0,505.0,174.0,4,1,4.5
1676.0,321.0,139.0,4,0,4.0
1072.0,360.0,134.0,4,0,4.0
247.0,475.0,178.0,4,0,4.0
1458.0,345.0,181.0,5,0,4.5
10.0,558.0,203.0,4,1,4.5
797.0,575.0,222.0,5,1,5.0
992.0,105.0,55.0,2,0,2.5
1192.0,377.0,134.0,4,0,4.0
243.0,686.0,207.0,6,1,5.5
1267.0,367.0,152.0,4,0,4.0
1126.0,429.0,168.0,5,1,5.0
1525.0,296.0,133.0,4,0,4.0
1162.0,364.0,160.0,4,0,4.0
929.0,483.0,183.0,5,1,5.0
362.0,544.0,194.0,5,1,5.0
1621.0,451.0,192.0,5,1,5.0
1388.0,365.0,145.0,4,0,4.0
817.0,683.0,244.0,6,1,6.0
5.0,515.0,195.0,4,0,4.0
630.0,467.0,181.0,4,0,4.0
315.0,469.0,204.0,5,1,5.0
1483.0,142.0,89.0,3,0,3.0
328.0,374.0,163.0,4,0,4.0
811.0,356.0,157.0,4,0,4.0
737.0,459.0,190.0,4,0,4.0
764.0,613.0,221.0,4,1,4.5
1410.0,268.0,139.0,3,0,3.5
968.0,373.0,174.0,4,1,4.5
1364.0,475.0,188.0,5,0,4.5
434.0,361.0,160.0,3,0,3.5
1206.0,506.0,212.0,5,1,5.5
519.0,584.0,224.0,6,1,6.0
205.0,656.0,274.0,5,1,5.0
956.0,419.0,141.0,4,1,4.5
427.0,594.0,224.0,5,1,5.5
690.0,415.0,161.0,4,1,4.5
1740.0,415.0,131.0,4,0,4.0
1595.0,449.0,156.0,4,0,4.0
1100.0,309.0,157.0,4,1,4.5
1469.0,551.0,204.0,4,0,4.0
1138.0,307.0,148.0,4,0,4.0
1160.0,470.0,158.0,4,0,4.0
1134.0,232.0,109.0,3,0,3.0
281.0,249.0,87.0,3,0,3.5
237.0,344.0,155.0,4,0,4.0
411.0,573.0,237.0,6,1,6.0
1519.0,336.0,91.0,4,0,4.0
1445.0,344.0,136.0,4,0,4.0
861.0,298.0,157.0,4,0,4.0
1076.0,569.0,228.0,5,1,5.0
598.0,369.0,160.0,4,0,4.0
170.0,368.0,142.0,4,0,4.0
55.0,258.0,100.0,4,0,4.0
257.0,458.0,160.0,4,0,4.0
1387.0,312.0,128.0,4,0,3.5
352.0,246.0,93.0,3,0,3.5
246.0,723.0,265.0,6,1,5.5
1324.0,419.0,160.0,4,0,4.0
1533.0,191.0,91.0,3,0,3.0
826.0,393.0,188.0,5,1,5.0
830.0,428.0,179.0,5,1,5.0
582.0,448.0,198.0,5,1,5.5
978.0,283.0,109.0,4,0,4.0
487.0,347.0,146.0,4,0,4.0
1770.0,409.0,180.0,5,1,5.0
455.0,93.0,56.0,2,0,2.0
1548.0,290.0,121.0,4,0,4.0
131.0,480.0,199.0,5,1,5.0
1365.0,321.0,141.0,4,0,4.0
1350.0,535.0,215.0,5,1,5.0
1357.0,442.0,157.0,4,0,4.0
457.0,541.0,216.0,5,1,5.0
469.0,419.0,202.0,5,0,4.5
917.0,209.0,62.0,3,0,3.0
996.0,366.0,122.0,4,0,3.5
962.0,466.0,188.0,5,0,4.5
659.0,442.0,198.0,5,1,5.0
1728.0,519.0,190.0,5,0,4.5
1143.0,438.0,153.0,4,0,4.0
1212.0,469.0,156.0,4,1,4.5
27.0,137.0,65.0,2,0,2.0
673.0,143.0,69.0,3,0,3.0
1309.0,527.0,177.0,4,0,4.0
1492.0,159.0,94.0,4,0,4.0
839.0,549.0,229.0,5,1,5.0
1312.0,456.0,186.0,4,1,4.5
1776.0,423.0,172.0,5,0,4.5
1538.0,397.0,132.0,5,0,4.5
1368.0,298.0,122.0,4,0,3.5
1775.0,398.0,164.0,5,0,4.5
679.0,367.0,150.0,4,0,4.0
433.0,526.0,222.0,5,1,5.5
1380.0,563.0,230.0,6,1,6.0
136.0,626.0,237.0,5,0,4.5
1779.0,512.0,194.0,5,1,5.0
769.0,585.0,240.0,5,1,5.0
1117.0,350.0,141.0,4,0,3.5
415.0,376.0,142.0,4,0,3.5
727.0,170.0,95.0,3,0,3.0
1613.0,365.0,114.0,4,1,4.5
1232.0,398.0,160.0,5,1,5.0
1561.0,455.0,169.0,5,0,4.5
1610.0,796.0,298.0,6,1,5.5
1376.0,270.0,128.0,4,0,4.0
1455.0,372.0,136.0,4,0,4.0
542.0,604.0,245.0,5,1,5.0
775.0,253.0,111.0,4,0,3.5
1696.0,392.0,160.0,5,0,4.5
1244.0,577.0,167.0,4,0,4.0
943.0,412.0,169.0,5,0,4.5
384.0,280.0,119.0,4,0,4.0
15.0,196.0,91.0,3,0,3.0
187.0,113.0,67.0,2,0,2.5
324.0,369.0,154.0,4,0,4.0
107.0,716.0,236.0,5,1,5.0
1325.0,612.0,237.0,5,1,5.0
1627.0,313.0,161.0,4,0,4.0
64.0,228.0,93.0,3,0,3.5
1073.0,397.0,151.0,4,0,4.0
639.0,221.0,104.0,3,0,3.0
1757.0,261.0,129.0,4,0,4.0
523.0,539.0,216.0,5,1,5.0
164.0,276.0,122.0,4,0,4.0
1108.0,496.0,186.0,4,1,4.5
1500.0,408.0,169.0,4,0,4.0
1030.0,216.0,102.0,4,0,4.0
551.0,409.0,126.0,4,0,4.0
1021.0,474.0,178.0,5,0,4.5
1137.0,405.0,175.0,4,0,4.0
1717.0,489.0,167.0,4,0,4.0
1642.0,338.0,143.0,4,0,4.0
1587.0,492.0,177.0,5,1,5.0
1189.0,318.0,155.0,5,0,4.5
1432.0,409.0,157.0,4,0,4.0
1147.0,455.0,180.0,5,0,4.5
1544.0,508.0,147.0,5,1,5.0
76.0,350.0,127.0,4,0,4.0
104.0,444.0,152.0,5,1,5.0
182.0,321.0,116.0,4,0,4.0
897.0,614.0,237.0,5,0,4.5
1337.0,190.0,86.0,4,0,4.0
355.0,241.0,91.0,3,0,3.0
1234.0,471.0,172.0,4,0,4.0
1549.0,151.0,92.0,3,0,3.0
919.0,437.0,179.0,6,1,5.5
197.0,574.0,193.0,5,1,5.0
258.0,574.0,205.0,5,1,5.5
493.0,294.0,139.0,4,0,4.0
970.0,699.0,320.0,6,1,5.5
1321.0,670.0,250.0,4,1,4.5
1623.0,495.0,203.0,5,0,4.5
648.0,205.0,77.0,3,0,3.0
1286.0,218.0,104.0,4,0,4.0
125.0,177.0,84.0,2,0,2.5
242.0,488.0,168.0,5,0,4.5
342.0,508.0,197.0,4,1,4.5
645.0,410.0,144.0,4,0,4.0
1354.0,288.0,95.0,4,0,4.0
632.0,459.0,187.0,5,1,5.0
997.0,521.0,188.0,5,1,5.0
735.0,521.0,208.0,4,1,4.5
1049.0,618.0,224.0,5,1,5.0
382.0,279.0,124.0,4,0,3.5
1014.0,409.0,161.0,4,0,4.0
1034.0,478.0,191.0,4,0,4.0
973.0,248.0,116.0,3,0,3.0
550.0,665.0,252.0,4,1,5.0
1353.0,449.0,182.0,5,1,5.0
942.0,517.0,175.0,4,1,4.5
419.0,244.0,88.0,3,0,3.0
1569.0,155.0,63.0,2,0,2.5
798.0,737.0,247.0,4,1,4.5
892.0,529.0,225.0,5,1,5.0
1373.0,348.0,143.0,4,0,4.0
1571.0,330.0,123.0,4,0,3.5
127.0,437.0,176.0,5,0,4.5
1586.0,267.0,108.0,3,0,3.5
915.0,556.0,220.0,5,1,5.0
1738.0,359.0,134.0,3,0,3.5
1268.0,345.0,128.0,4,0,4.0
329.0,379.0,124.0,4,0,4.0
950.0,498.0,197.0,5,1,5.0
184.0,406.0,131.0,4,0,4.0
1652.0,243.0,133.0,4,0,4.0
297.0,526.0,198.0,5,0,4.5
1428.0,204.0,105.0,3,0,3.0
1755.0,406.0,130.0,4,0,4.0
223.0,472.0,173.0,4,0,4.0
703.0,437.0,170.0,4,0,4.0
1438.0,372.0,165.0,5,0,4.5
902.0,528.0,179.0,5,1,5.0
96.0,255.0,123.0,4,0,3.5
118.0,502.0,191.0,6,1,6.0
706.0,474.0,154.0,5,1,5.0
505.0,462.0,176.0,5,1,5.0
1052.0,457.0,159.0,5,0,4.5
334.0,756.0,245.0,5,1,5.0
161.0,474.0,144.0,5,1,5.0
1214.0,540.0,192.0,5,1,5.0
1116.0,320.0,135.0,4,0,4.0
533.0,493.0,186.0,4,0,4.0
921.0,285.0,137.0,4,0,4.0
1531.0,344.0,140.0,4,0,4.0
472.0,566.0,212.0,6,1,6.0
494.0,470.0,194.0,5,0,4.5
884.0,348.0,148.0,4,0,4.0
1415.0,727.0,259.0,6,1,6.0
953.0,462.0,197.0,6,1,6.0
1015.0,559.0,207.0,5,1,5.0
273.0,307.0,139.0,4,0,4.0
1018.0,578.0,260.0,5,1,5.0
1729.0,376.0,176.0,4,0,4.0
204.0,422.0,157.0,5,1,5.0
1393.0,694.0,250.0,6,1,5.5
1227.0,195.0,108.0,4,0,4.0
1318.0,414.0,123.0,4,0,4.0
1732.0,365.0,161.0,4,0,4.0
829.0,411.0,161.0,4,0,4.0
1690.0,405.0,183.0,5,0,4.5
1062.0,381.0,141.0,5,1,5.0
569.0,341.0,136.0,4,0,4.0
972.0,536.0,134.0,4,0,4.0
322.0,355.0,139.0,4,0,4.0
1000.0,837.0,296.0,6,1,6.0
1092.0,497.0,203.0,5,1,5.0
440.0,332.0,112.0,4,0,4.0
1516.0,329.0,137.0,4,0,4.0
1040.0,157.0,81.0,3,0,3.0
594.0,217.0,104.0,4,0,3.5
1182.0,282.0,142.0,3,0,3.5
1379.0,433.0,189.0,5,1,5.0
1678.0,387.0,141.0,4,0,4.0
1654.0,520.0,187.0,4,1,4.5
875.0,705.0,272.0,6,1,5.5
157.0,499.0,197.0,4,1,4.5
1764.0,458.0,168.0,4,0,4.0
448.0,470.0,204.0,4,1,4.5
250.0,352.0,152.0,5,1,5.0
369.0,275.0,126.0,4,0,4.0
930.0,293.0,132.0,4,0,4.0
1591.0,587.0,145.0,5,0,4.5
924.0,489.0,139.0,4,0,4.0
728.0,364.0,128.0,4,0,4.0
1464.0,595.0,212.0,5,1,5.0
198.0,473.0,188.0,5,1,5.0
824.0,564.0,210.0,5,0,4.5
506.0,304.0,115.0,3,0,3.5
1089.0,412.0,173.0,4,0,4.0
245.0,175.0,88.0,3,0,3.5
518.0,351.0,132.0,4,0,4.0
147.0,654.0,277.0,6,1,6.0
1124.0,453.0,163.0,4,1,4.5
870.0,447.0,173.0,5,0,4.5
1377.0,275.0,132.0,4,0,4.0
876.0,347.0,124.0,4,0,4.0
437.0,376.0,153.0,4,0,4.0
54.0,481.0,199.0,5,1,5.0
452.0,223.0,82.0,3,0,3.5
476.0,388.0,148.0,4,0,4.0
1198.0,230.0,135.0,4,0,3.5
1074.0,433.0,178.0,4,0,4.0
1724.0,507.0,209.0,5,1,5.0
1340.0,359.0,162.0,4,0,4.0
1266.0,323.0,133.0,4,0,4.0
1257.0,525.0,188.0,4,1,4.5
975.0,286.0,143.0,4,0,4.0
900.0,393.0,180.0,5,1,5.0
389.0,338.0,158.0,4,0,4.0
1255.0,654.0,221.0,5,1,5.5
120.0,404.0,148.0,4,0,4.0
903.0,351.0,123.0,4,0,4.0
159.0,547.0,204.0,5,1,5.0
781.0,566.0,201.0,5,1,5.0
36.0,607.0,220.0,5,1,5.0
407.0,415.0,137.0,4,0,4.0
1161.0,378.0,143.0,4,0,4.0
960.0,241.0,113.0,3,0,3.5
1443.0,672.0,296.0,6,1,6.0
1226.0,482.0,182.0,4,0,4.0
1416.0,264.0,130.0,4,0,4.0
477.0,208.0,92.0,3,0,3.0
510.0,288.0,126.0,3,0,3.5
52.0,259.0,129.0,4,0,3.5
1475.0,377.0,152.0,4,0,4.0
61.0,337.0,141.0,4,0,4.0
1004.0,179.0,106.0,3,0,3.0
700.0,306.0,124.0,4,0,4.0
752.0,224.0,99.0,4,0,3.5
1566.0,339.0,144.0,4,0,4.0
349.0,287.0,146.0,4,0,4.0
277.0,466.0,192.0,5,0,4.5
806.0,236.0,98.0,3,0,3.0
418.0,656.0,230.0,6,1,6.0
1128.0,394.0,156.0,4,0,4.0
169.0,175.0,100.0,3,0,3.0
1453.0,474.0,189.0,5,0,4.5
1177.0,216.0,96.0,3,0,3.0
1758.0,604.0,250.0,5,1,5.0
742.0,641.0,201.0,5,1,5.0
196.0,416.0,139.0,4,0,4.0
652.0,260.0,119.0,4,1,4.5
287.0,611.0,227.0,6,1,6.0
1429.0,241.0,98.0,4,0,3.5
463.0,477.0,203.0,4,0,4.0
786.0,315.0,144.0,4,0,4.0
1768.0,508.0,124.0,4,0,4.0
1218.0,529.0,190.0,5,0,4.5
1347.0,243.0,120.0,4,0,4.0
733.0,139.0,76.0,4,0,4.0
480.0,344.0,134.0,4,0,4.0
1761.0,397.0,152.0,4,0,4.0
989.0,421.0,191.0,4,1,4.5
751.0,372.0,126.0,4,0,4.0
1502.0,569.0,209.0,4,1,5.0
379.0,509.0,187.0,4,1,4.5
38.0,378.0,156.0,4,0,4.0
1390.0,391.0,159.0,4,0,4.0
1651.0,445.0,193.0,4,1,4.5
541.0,473.0,174.0,4,0,4.0
1663.0,392.0,140.0,5,0,4.5
499.0,471.0,184.0,5,0,4.5
899.0,412.0,141.0,4,0,4.0
1446.0,435.0,186.0,5,1,5.0
590.0,166.0,89.0,3,0,3.0
581.0,420.0,152.0,4,0,4.0
325.0,447.0,173.0,4,1,4.5
160.0,322.0,116.0,4,0,4.0
1780.0,513.0,210.0,4,1,4.5
255.0,367.0,162.0,4,0,4.0
1747.0,397.0,127.0,4,0,4.0
1524.0,157.0,78.0,3,0,3.0
954.0,556.0,213.0,5,1,5.0
218.0,370.0,169.0,4,0,4.0
1088.0,445.0,173.0,4,0,4.0
271.0,359.0,138.0,4,0,4.0
1043.0,611.0,213.0,5,0,4.5
654.0,492.0,216.0,5,1,5.0
1463.0,220.0,111.0,4,0,4.0
1185.0,356.0,170.0,4,0,4.0
443.0,301.0,122.0,4,0,4.0
1697.0,397.0,170.0,4,0,4.0
1327.0,605.0,217.0,6,1,5.5
1619.0,452.0,187.0,5,0,4.5
1219.0,359.0,179.0,4,0,4.0
820.0,192.0,85.0,3,0,2.5
1515.0,557.0,180.0,5,1,5.0
1230.0,523.0,202.0,5,1,5.0
286.0,72.0,47.0,2,0,2.0
907.0,406.0,170.0,4,1,4.5
1133.0,632.0,231.0,6,1,6.0
475.0,532.0,224.0,4,1,4.5
1093.0,271.0,127.0,4,0,4.0
28.0,405.0,183.0,4,1,4.5
1431.0,157.0,78.0,3,0,3.0
1452.0,604.0,237.0,6,1,6.0
1459.0,383.0,136.0,4,0,4.0
22.0,58.0,37.0,1,0,1.5
1671.0,660.0,246.0,6,1,5.5
909.0,505.0,205.0,5,1,5.0
905.0,202.0,90.0,3,0,3.0
1333.0,382.0,143.0,4,0,4.0
293.0,266.0,99.0,4,0,4.0
166.0,604.0,252.0,6,0,5.0
1176.0,463.0,133.0,4,0,4.0
859.0,589.0,252.0,6,1,6.0
1419.0,460.0,197.0,5,1,5.0
1121.0,30.0,23.0,1,0,1.0
482.0,427.0,163.0,4,1,4.5
1045.0,404.0,176.0,4,1,4.5
816.0,390.0,158.0,4,1,4.5
886.0,525.0,206.0,5,1,5.5
12.0,426.0,152.0,4,0,4.0
883.0,471.0,195.0,4,1,4.5
821.0,391.0,161.0,4,1,4.5
1382.0,475.0,187.0,5,1,5.0
836.0,362.0,143.0,4,0,4.0
926.0,239.0,117.0,3,0,3.5
1703.0,571.0,239.0,6,1,5.5
32.0,561.0,202.0,5,1,5.0
1414.0,285.0,123.0,4,0,4.0
203.0,539.0,184.0,5,1,5.0
635.0,502.0,215.0,5,1,5.0
927.0,287.0,125.0,4,0,3.5
1778.0,120.0,71.0,2,0,2.5
13.0,210.0,119.0,3,0,3.5
1127.0,331.0,150.0,4,0,4.0
1554.0,412.0,178.0,4,0,4.0
47.0,340.0,158.0,4,0,4.0
643.0,587.0,218.0,5,1,5.0
63.0,319.0,118.0,4,0,4.0
438.0,348.0,126.0,4,0,4.0
1509.0,514.0,174.0,4,0,4.0
557.0,599.0,224.0,5,1,5.0
986.0,672.0,211.0,5,1,5.5
1602.0,523.0,186.0,5,1,5.0
1517.0,373.0,140.0,4,0,4.0
1216.0,385.0,176.0,4,1,4.5
1777.0,680.0,213.0,5,1,5.5
276.0,285.0,128.0,4,0,4.0
241.0,265.0,125.0,5,0,4.5
910.0,457.0,174.0,4,0,4.0
1694.0,554.0,180.0,5,1,5.0
734.0,528.0,196.0,5,1,5.0
1784.0,235.0,108.0,4,0,3.5
1253.0,97.0,50.0,2,0,2.0
827.0,127.0,63.0,3,0,3.0
39.0,475.0,198.0,5,1,5.0
755.0,583.0,228.0,5,0,4.5
1328.0,488.0,175.0,4,0,4.0
336.0,598.0,255.0,5,1,5.5
484.0,231.0,116.0,4,0,3.5
1618.0,233.0,114.0,4,0,4.0
1665.0,501.0,237.0,5,0,4.5
1420.0,386.0,148.0,4,0,4.0
1169.0,467.0,193.0,5,1,5.0
1542.0,513.0,223.0,5,1,5.0
1424.0,494.0,172.0,5,1,5.0
1656.0,275.0,102.0,4,0,4.0
893.0,154.0,51.0,2,0,2.0
140.0,399.0,166.0,5,0,4.5
1091.0,618.0,219.0,5,1,5.0
353.0,137.0,54.0,2,0,2.5
572.0,637.0,245.0,5,1,5.5
1175.0,595.0,207.0,4,1,4.5
1292.0,362.0,132.0,4,0,4.0
725.0,187.0,96.0,3,0,3.0
380.0,357.0,138.0,5,1,5.0
672.0,475.0,179.0,5,0,4.5
1536.0,142.0,72.0,2,0,2.0
1528.0,135.0,65.0,3,0,3.0
1481.0,268.0,114.0,3,0,3.5
1279.0,379.0,160.0,4,1,4.5
535.0,379.0,113.0,4,0,4.0
1028.0,634.0,213.0,6,0,5.0
856.0,476.0,192.0,5,1,5.0
290.0,608.0,253.0,5,1,5.5
1215.0,505.0,171.0,4,0,4.0
1689.0,223.0,117.0,3,0,3.5
370.0,687.0,262.0,5,1,5.0
368.0,355.0,145.0,5,0,4.5
961.0,405.0,177.0,4,0,4.0
729.0,225.0,104.0,4,0,3.5
1638.0,335.0,144.0,4,0,4.0
1167.0,493.0,187.0,5,1,5.0
